{
  "meta_title": "",
  "meta_description": "",
  "sections": [
    {
      "type": "banner-slider",
      "autoplay": 9000,
      "full_width": true,
      "slides": [
        {
          "start": "",
          "end": "",
          "img": "/img/uploads/7347-distribuidora-de-agua-galao-pedido-online-banner-medio-site-2-1-.jpg"
        },
        {
          "start": "",
          "end": "",
          "img": "/img/uploads/7347-oferta-da-hora-as-melhores-ofertas-banner-paisagem-1-.jpg"
        },
        {
          "start": "",
          "end": "",
          "img": "/img/uploads/7347-banner-para-curso-de-empreendedorismo-marketing-e-financas-assimetrico-azul-preto-1-.jpg"
        },
        {
          "start": "",
          "end": "",
          "img": "/img/uploads/7347-atraia-mais-clientes-1-1-.png"
        },
        {
          "start": "",
          "end": "",
          "img": "/img/uploads/7347-atraia-mais-clientes-2-.png"
        }
      ]
    },
    {
      "type": "dynamic-showcase",
      "load_more": false
    }
  ]
}